{
    "entries": [
        {
            "value": "setpoint",
            "$type": "kOS.Safe.Encapsulation.StringValue"
        },
        {
            "value": 0,
            "$type": "kOS.Safe.Encapsulation.ScalarIntValue"
        },
        {
            "value": "p",
            "$type": "kOS.Safe.Encapsulation.StringValue"
        },
        {
            "value": 0.00049999999999999676,
            "$type": "kOS.Safe.Encapsulation.ScalarDoubleValue"
        },
        {
            "value": "i",
            "$type": "kOS.Safe.Encapsulation.StringValue"
        },
        {
            "value": -1.8973538018496328E-19,
            "$type": "kOS.Safe.Encapsulation.ScalarDoubleValue"
        },
        {
            "value": "d",
            "$type": "kOS.Safe.Encapsulation.StringValue"
        },
        {
            "value": 0,
            "$type": "kOS.Safe.Encapsulation.ScalarIntValue"
        }
    ],
    "$type": "kOS.Safe.Encapsulation.Lexicon"
}