{
    "entries": [
        {
            "value": "setpoint",
            "$type": "kOS.Safe.Encapsulation.StringValue"
        },
        {
            "value": 90,
            "$type": "kOS.Safe.Encapsulation.ScalarIntValue"
        },
        {
            "value": "p",
            "$type": "kOS.Safe.Encapsulation.StringValue"
        },
        {
            "value": 0.0014999999999999972,
            "$type": "kOS.Safe.Encapsulation.ScalarDoubleValue"
        },
        {
            "value": "i",
            "$type": "kOS.Safe.Encapsulation.StringValue"
        },
        {
            "value": 9.9999999999999815E-05,
            "$type": "kOS.Safe.Encapsulation.ScalarDoubleValue"
        },
        {
            "value": "d",
            "$type": "kOS.Safe.Encapsulation.StringValue"
        },
        {
            "value": 0,
            "$type": "kOS.Safe.Encapsulation.ScalarIntValue"
        }
    ],
    "$type": "kOS.Safe.Encapsulation.Lexicon"
}