{
    "entries": [
        {
            "value": "setpoint",
            "$type": "kOS.Safe.Encapsulation.StringValue"
        },
        {
            "value": 0.558837890625,
            "$type": "kOS.Safe.Encapsulation.ScalarDoubleValue"
        },
        {
            "value": "p",
            "$type": "kOS.Safe.Encapsulation.StringValue"
        },
        {
            "value": 0.0015000000000000005,
            "$type": "kOS.Safe.Encapsulation.ScalarDoubleValue"
        },
        {
            "value": "i",
            "$type": "kOS.Safe.Encapsulation.StringValue"
        },
        {
            "value": 0.0001,
            "$type": "kOS.Safe.Encapsulation.ScalarDoubleValue"
        },
        {
            "value": "d",
            "$type": "kOS.Safe.Encapsulation.StringValue"
        },
        {
            "value": 0,
            "$type": "kOS.Safe.Encapsulation.ScalarIntValue"
        }
    ],
    "$type": "kOS.Safe.Encapsulation.Lexicon"
}