{
    "entries": [
        {
            "value": "setpoint",
            "$type": "kOS.Safe.Encapsulation.StringValue"
        },
        {
            "value": 0,
            "$type": "kOS.Safe.Encapsulation.ScalarIntValue"
        },
        {
            "value": "p",
            "$type": "kOS.Safe.Encapsulation.StringValue"
        },
        {
            "value": 0.025000000000000012,
            "$type": "kOS.Safe.Encapsulation.ScalarDoubleValue"
        },
        {
            "value": "i",
            "$type": "kOS.Safe.Encapsulation.StringValue"
        },
        {
            "value": 0.001,
            "$type": "kOS.Safe.Encapsulation.ScalarDoubleValue"
        },
        {
            "value": "d",
            "$type": "kOS.Safe.Encapsulation.StringValue"
        },
        {
            "value": 0,
            "$type": "kOS.Safe.Encapsulation.ScalarIntValue"
        }
    ],
    "$type": "kOS.Safe.Encapsulation.Lexicon"
}