{
    "entries": [
        {
            "value": "setpoint",
            "$type": "kOS.Safe.Encapsulation.StringValue"
        },
        {
            "value": 500,
            "$type": "kOS.Safe.Encapsulation.ScalarIntValue"
        },
        {
            "value": "p",
            "$type": "kOS.Safe.Encapsulation.StringValue"
        },
        {
            "value": 0.01,
            "$type": "kOS.Safe.Encapsulation.ScalarDoubleValue"
        },
        {
            "value": "i",
            "$type": "kOS.Safe.Encapsulation.StringValue"
        },
        {
            "value": 0.0001,
            "$type": "kOS.Safe.Encapsulation.ScalarDoubleValue"
        },
        {
            "value": "d",
            "$type": "kOS.Safe.Encapsulation.StringValue"
        },
        {
            "value": 0.0001,
            "$type": "kOS.Safe.Encapsulation.ScalarDoubleValue"
        }
    ],
    "$type": "kOS.Safe.Encapsulation.Lexicon"
}